name,Name,Position,Private Banking,Economics PhD,Macroeconomist,Career Central Banker,New Cases
Barron,"Barron, Patrick",First Vice President,0,0,0,1,0
Bernanke,"Bernanke, Ben","Governor, Chairman",0,1,1,0,0
Bies,"Bies, Susan",Governor,1,1,1,0,0
Boehne,"Boehne, Edward",Reserve Bank President,0,1,1,1,0
Broaddus,"Broaddus, J. Alfred",Reserve Bank President,0,1,1,1,0
Bullard,"Bullard, James",Reserve Bank President,0,1,1,1,0
Cumming,"Cumming, Christine",First Vice President,0,1,1,1,0
Duke,"Duke, Elizabeth",Governor,1,0,0,0,0
Evans,"Evans, Charles",Reserve Bank President,0,1,1,1,0
Ferguson,"Ferguson, Roger",Governor,0,1,0,0,0
Fisher,"Fisher, Richard",Reserve Bank President,1,0,0,0,0
Geithner,"Geithner, Timothy",Vice Chairman,0,0,0,0,0
Gramlich,"Gramlich, Edward",Governor,0,1,1,0,0
Greenspan,"Greenspan, Alan",Chairman,0,1,1,0,0
Guynn,"Guynn, Jack",Reserve Bank President,0,0,0,1,0
Hoenig,"Hoenig, Thomas",Reserve Bank President,0,1,1,1,0
Holcomb,"Holcomb, Helen",First Vice President,0,0,0,1,0
Jordan,"Jordan, Jerry",Reserve Bank President,1,1,0,0,0
Kelley,"Kelley, Edward",Governor,0,0,0,0,0
Kohn,"Kohn, Donald",Governor,0,1,1,1,0
Kroszner,"Kroszner, Randall",Governor,0,1,1,0,0
Lacker,"Lacker, Jeffrey",Reserve Bank President,0,1,1,1,0
Lockhart,"Lockhart, Dennis",Reserve Bank President,1,0,0,0,0
Lyon,"Lyon, James",First Vice President,0,0,0,1,0
McDonough,"McDonough, William",Vice Chairman,1,0,0,0,0
McTeer,"McTeer, Robert",Reserve Bank President,0,1,1,1,0
Meyer,"Meyer, Laurence",Governor,0,1,1,0,0
Minehan,"Minehan, Cathy",Reserve Bank President,0,0,0,1,0
Mishkin,"Mishkin, Frederic",Governor,0,1,1,0,0
Moore,"Moore, John",First Vice President,0,0,0,1,0
Moskow,"Moskow, Michael",Reserve Bank President,0,1,0,0,0
Olson,"Olson, Mark",Governor,1,0,0,0,0
Parry,"Parry, Robert",Reserve Bank President,1,1,1,0,0
Pianalto,"Pianalto, Sandra",Reserve Bank President,0,0,0,1,0
Plosser,"Plosser, Charles",Reserve Bank President,0,1,1,0,0
Poole,"Poole, William",Reserve Bank President,0,1,1,1,0
Rosengren,"Rosengren, Eric",Reserve Bank President,0,1,1,1,0
Santomero,"Santomero, Anthony",Reserve Bank President,0,1,1,0,0
Sapenaro,"Sapenaro, David",First Vice President,0,0,0,1,0
Stern,"Stern, Gary",Reserve Bank President,0,1,1,1,0
Stewart,"Stewart, Jamie",Acting Governor,1,0,0,0,0
Stone,"Stone, William",First Vice President,0,0,0,1,0
Warsh,"Warsh, Kevin",Governor,1,0,0,0,0
Yellen,"Yellen, Janet",Reserve Bank President,0,1,1,0,0
Aaronson,"Aaronson, Stephanie","Economist, Senior Economist",0,1,1,1,1
Ahmed,"Ahmed, Shaghil",International Finance Division,0,1,1,0,1
Alvarez,"Alvarez, Scott","Associate General Counsel, General Counsel",0,0,0,1,1
Angulo,"Angulo, Arthur",(Assistant/Senior) Vice President,0,0,0,1,1
Bassett,"Bassett, William",Economist,0,1,0,1,1
Brayton,"Brayton, Flint",Senior Economist,0,1,1,1,1
Clouse,"Clouse, James",Economist,0,1,1,1,1
Covitz,"Covitz, Daniel",Economist,0,1,0,1,1
Croushore,"Croushore, Dean","Assistant Vice President, Vice President",0,1,1,0,1
Danker,"Danker, Deborah","Special Assitant, Deputy Secretary",0,1,1,1,1
Doyle,"Doyle, Brian","Economist, Senior Economist",0,1,1,1,1
Dudley,"Dudley, William","Manager, System Open Market Account",1,1,0,0,1
Elmendorf,"Elmendorf, Douglas",Senior Economist,0,1,1,0,1
Elsasser,"Elsasser, Robert",Senior Vice President,0,0,0,1,1
English,"English, William",Assistant/Associate/Senior Associate/Deputy Director,0,1,1,1,1
Fox,"Fox, Lynn",Assistant Secretary,0,0,0,1,1
Fuhrer,"Fuhrer, Jeffrey",Senior/Executive Vice President,0,1,1,1,1
Gagnon,"Gagnon, Etienne",Economist,0,1,1,1,1
Gallin,"Gallin, Joshua",Economist,0,1,1,1,1
Gibson,"Gibson, Michael",Economist,0,1,1,1,1
Gillum,"Gillum, Gary",Assistant Secretary,0,0,0,1,1
Goldberg,"Goldberg, Linda",Vice President,0,1,1,1,1
Goodfriend,"Goodfriend, Marvin",Senior Vice President,0,1,1,1,1
Greenlee,"Greenlee, Jon",Associate Director,0,0,0,1,1
Hilton,"Hilton, R. Spence","Assistance Vice President, Vice President, Senior Vice President",0,1,1,1,1
Hirtle,"Hirtle, Beverly",Senior Vice President,0,1,1,1,1
Johnson,"Johnson, Karen",Economist,0,1,1,1,1
Kamin,"Kamin, Steven",Assistant/Associate Director,0,1,1,1,1
Kole,"Kole, Linda",Assistant Director,0,1,1,1,1
Kos,"Kos, Dino","Manager, System Open Market Account",0,0,0,1,1
Krieger,"Krieger, Sandra",Senior Vice President,0,1,1,1,1
Lang,"Lang, William",Executive Vice President,0,1,1,0,1
Leahy,"Leahy, Michael",Economist,0,1,1,1,1
Lebow,"Lebow, David",Economist,0,1,1,1,1
Lehnert,"Lehnert, Andreas",Senior Economist,0,1,1,1,1
Liang,"Liang, Nellie",Economist,0,1,1,1,1
Lindsey,"Lindsey, David",Associate Economist,0,1,1,1,1
Madigan,"Madigan, Brian",Secretary,0,1,1,1,1
Mattingly,"Mattingly, J. Virgil",General Counsel,0,0,0,1,1
Morin,"Morin, Norman","Economist, Senior Economist",0,1,0,1,1
Mosser,"Mosser, Patricia",Vice President/Senior Vice President,0,1,1,1,1
Oliner,"Oliner, Stephen","Assistant/Associate Director, Senior Adviser",0,1,1,1,1
Parkinson,"Parkinson, Patrick",Deputy Director,0,1,1,1,1
Peach,"Peach, Richard",Senior Vice President,1,1,1,1,1
Perelmuter,"Perelmuter, Deborah",Senior Vice President,0,0,0,1,1
Peters,"Peters, Brian",Senior Vice President,1,0,0,1,1
Prell,"Prell, Michael",Economist,0,1,1,1,1
Reifschneider,"Reifschneider, David",Division of Research and Statistics,0,1,1,1,1
Reinhart,"Reinhart, Vincent","Deputy Director, Secretary and Economist",0,0,0,1,1
Roberts,"Roberts, John",Economist,0,1,1,1,1
Rolnick,"Rolnick, Arthur","Senior Vice President, Associate Economist",0,1,1,1,1
Rudebusch,"Rudebusch, Glenn","Senior Research Officer, Vice President, Senior/Executive Vice President",0,1,1,1,1
Sack,"Sack, Brian","Economist, Senior Economist",0,1,1,1,1
Sheets,"Sheets, Nathan",Economist,0,1,1,1,1
Sichel,"Sichel, Daniel",Senior Economist,0,1,1,1,1
Simpson,"Simpson, Thomas","Associated Economist, Senior Adviser",NA,1,1,NA,1
Slifman,"Slifman, Lawrence","Associated Director, Associate Economist",NA,1,1,NA,1
Smith,"Smith, Michelle",Director of Communications,0,0,0,0,1
Steindel,"Steindel, Charles",Senior Vice President,1,1,1,1,1
Stockton,"Stockton, David",Economist,0,1,1,1,1
Struckmeyer,"Struckmeyer, Charles",Assistant/Associated/Deputy Director,NA,1,1,NA,1
Tetlow,"Tetlow, Robert",Senior Economist,0,1,1,1,1
Wascher,"Wascher, William",Economist,0,1,1,1,1
Whitesell,"Whitesell, William",Assistant/Deputy Associate Director,NA,1,1,NA,1
Wilcox,"Wilcox, David",Deputy Director,0,1,1,1,1
Williams,"Williams, John","Senior Economist, Research Adviser, Senior Vice President",0,1,1,1,1
