Barron,0,0,0,1
Bernanke,0,1,1,0
Bies,1,1,1,0
Boehne,0,1,1,1
Broaddus,0,1,1,1
Bullard,0,1,1,1
Cumming,0,1,1,1
Duke,1,0,0,0
Evans,0,1,1,1
Ferguson,0,1,0,0
Fisher,1,0,0,0
Geithner,0,0,0,0
Gramlich,0,1,1,0
Greenspan,0,1,1,0
Guynn,0,0,0,1
Hoenig,0,1,1,1
Holcomb,0,0,0,1
Jordan,1,1,0,0
Kelley,0,0,0,0
Kohn,0,1,1,1
Kroszner,0,1,1,0
Lacker,0,1,1,1
Lockhart,1,0,0,0
Lyon,0,0,0,1
McDonough,1,0,0,0
McTeer,0,1,1,1
Meyer,0,1,1,0
Minehan,0,0,0,1
Mishkin,0,1,1,0
Moore,0,0,0,1
Moskow,0,1,0,0
Olson,1,0,0,0
Parry,1,1,1,0
Pianalto,0,0,0,1
Plosser,0,1,1,0
Poole,0,1,1,1
Rosengren,0,1,1,1
Santomero,0,1,1,0
Sapenaro,0,0,0,1
Stern,0,1,1,1
Stewart,1,0,0,0
Stone,0,0,0,1
Warsh,1,0,0,0
Yellen,0,1,1,0
